{"ExportedSolution":{"SolutionID":"1.008_02","Description":"Bug Fix","Status":"Created","CreatedTime":"2025-04-15T14:02:23.423644+05:30","ExportedTime":"0001-01-01T05:53:28+05:53","LastUpdated":"0001-01-01T05:53:28+05:53","CreatedUser":"parthi","UpdatedUser":"","ExportedUser":"","ExportComponents":[{"SolutionID":"1.008_02","ComponentType":"BusinessObject","ComponentID":"excel_data"},{"SolutionID":"1.008_02","ComponentType":"BusinessObject","ComponentID":"submitEinvoiceToPortal"}]},"Topics":null,"BizObjects":[{"Bizobj":{"ObjectName":"excel_data","Description":"Excel Data","external":true,"input_struct":"","out_success":"","out_fail":""},"Script":"//**** Business Object excel_data Created by parthi on 13-Dec-2024 11:20:48 ****//\r\nvar query = require(\"./scripts/Business_Objects/initializeUserGroup\")\r\nfunction getReviewData(){\r\n    \r\n    if(query.userAccessBuildQuery(false) != \"\"){\r\n        reviewData = CralDB.QueryByComp(\r\n            \"select * from {{inv_interim_excl}} where temp_code = '$1' \"+(query.userAccessBuildQuery(false)).replaceAll('dataset', 'data_set'),\r\n            jscall.company,\r\n            jscall.input.layout_code\r\n        )\r\n    }else{\r\n        reviewData = CralDB.QueryByComp(\r\n            \"select * from {{inv_interim_excl}} where temp_code = '$1' \",\r\n            jscall.company,\r\n            jscall.input.layout_code\r\n        )\r\n    }\r\n    return reviewData\r\n}\r\n\r\nfunction getSubmissionUUID(){\r\n    if(query.userAccessBuildQuery(false) != \"\"){\r\n        return CralDB.QueryDSByComp(\"getSubmissionUUID\",jscall.company, jscall.input.from_date, jscall.input.to_date, query.userAccessBuildQuery(false))\r\n    }else{\r\n        return CralDB.QueryDSByComp(\"getSubmissionUUID\",jscall.company, jscall.input.from_date, jscall.input.to_date)\r\n    }\r\n}\r\n\r\nfunction getValidation(){\r\n    if(query.userAccessBuildQuery(false) != \"\"){\r\n        return CralDB.QueryDSByComp(\"getValidation\",jscall.company, jscall.input.from_date, jscall.input.to_date, (query.userAccessBuildQuery(false)).replaceAll('created_user','h.created_user'))\r\n    }else{\r\n        return CralDB.QueryDSByComp(\"getValidation\",jscall.company, jscall.input.from_date, jscall.input.to_date)\r\n    }\r\n}\r\n\r\n// function getUploadedFile(){\r\n//     // return query.userAccessBuildQuery(true).replaceAll('AND (  AND', 'AND (')\r\n//     query_str = query.userAccessBuildQuery(true)\r\n//     // return query_str\r\n//     if(query_str == 'AND (  )'){\r\n//         return CralDB.QueryDSByComp(\"getUploadedFile\",jscall.company, jscall.input.from_date, jscall.input.to_date, (query_str).replaceAll(query_str, \"\"))\r\n//     }else{\r\n//         return CralDB.QueryDSByComp(\"getUploadedFile\",jscall.company, jscall.input.from_date, jscall.input.to_date, (query_str).replaceAll('AND (  AND', 'AND ('))\r\n//     }\r\n\r\n// }\r\n\r\n\r\nfunction getUploadedFile(){\r\n    query_str = query.userAccessBuildQuery(true)\r\n    if (query_str.trim() === 'AND (  )') {\r\n        return CralDB.QueryDSByComp(\"getUploadedFile\", jscall.company, jscall.input.from_date, jscall.input.to_date, \"\");\r\n    } else if (query_str.trim() === 'AND (  OR  )') {\r\n        debug('0');\r\n        return CralDB.QueryDSByComp(\"getUploadedFile\", jscall.company, jscall.input.from_date, jscall.input.to_date, \"\");\r\n    } else {\r\n        // const cleanedQuery = query_str\r\n        //     .replaceAll('AND (  )', '')\r\n        //     .replaceAll('AND (  OR  )', '')\r\n        //     .replaceAll('AND (  AND', 'AND (')\r\n        //     .trim();\r\n        return CralDB.QueryDSByComp(\"getUploadedFile\",jscall.company, jscall.input.from_date, jscall.input.to_date, (query_str).replaceAll('AND (  AND', 'AND ('))\r\n    }\r\n\r\n}"},{"Bizobj":{"ObjectName":"submitEinvoiceToPortal","Description":"Submit the E-Invoice to Portal","external":true,"input_struct":"","out_success":"","out_fail":""},"Script":"//**** Business Object submitEinvoiceToPortal Created by malai on 24-Apr-2024 11:17:26 ****//\r\n\r\nlet header_err_msg = \"\"\r\nlet line_err_msg = \"\"\r\nlet isSumbyQty = false\r\nvar einvois = require(\"./scripts/Business_Objects/createEinvoice\")\r\nvar consoCheck = require(\"./scripts/Business_Objects/conso_checking\")\r\nvar jsoncmp = require(\"./scripts/Business_Objects/json_sumqty_by_item\")\r\n// var jsoncmp = require(\"./scripts/Business_Objects/json_sumby_qty\")\r\n\r\nfunction submit_einv_to_portal(){\r\n    CralUtil.LogInfo(\"Einvois Input\", \"InvoiceCreation\", jscall.input)\r\n    entity_ds = CralDB.QueryByComp(`select sum_line250,sum_lineb250 from {{entity_data_set}} where sup_company=${jscall.input.comp} and data_set='${jscall.input.dataset}'`, jscall.company)\r\n    if (entity_ds.length == 0){\r\n        jscall_error = `Entity Data Set is Not Maintained for ${jscall.input.comp} - ${jscall.input.dataset}`\r\n        CralUtil.LogInfo(\"Einvois Output\", \"\", jscall_error)\r\n        return false;\r\n    } else {\r\n        if (entity_ds[0].sum_lineb250 == true && jscall.input.line_cnt <= 250){\r\n            jscall.input.e_inv_no = jscall.input.tran + jscall.input.idoc.toString()\r\n            jscall.input.lines.forEach(line => {\r\n                line.e_inv_no = jscall.input.e_inv_no\r\n            })\r\n            comp_result = jsoncmp.sum_quantity_by_item(jscall.input)\r\n            CralUtil.LogInfo(\"AfterCompress\", \"Invoice\", comp_result)\r\n            if (comp_result.result){\r\n                jscall.input = comp_result.object\r\n                isSumbyQty = true\r\n            } else {\r\n                jscall_error = \"Unable to perform Sum by Quantity and Item.\"\r\n                CralUtil.LogInfo(\"Einvois Output\", \"Invoice\", jscall_error)\r\n                return false\r\n            }\r\n            CralUtil.LogInfo(\"InputAfterJsonCompress\", \"Invoice\", jscall.input)\r\n        } else {\r\n            if (entity_ds[0].sum_line250 == true && jscall.input.line_cnt > 250){\r\n                jscall.input.e_inv_no = jscall.input.tran + jscall.input.idoc.toString()\r\n                jscall.input.lines.forEach(line => {\r\n                    line.e_inv_no = jscall.input.e_inv_no\r\n                })\r\n                comp_result = jsoncmp.sum_quantity_by_item(jscall.input)\r\n                if (comp_result.result){\r\n                    jscall.input = comp_result.object\r\n                    isSumbyQty = true\r\n                } else {\r\n                    jscall_error = \"Unable to perform Sum by Quantity and Item.\"\r\n                    CralUtil.LogInfo(\"Einvois Output\", \"Invoice\", jscall_error)\r\n                    return false\r\n                }\r\n            }\r\n        }\r\n    }\r\n    if (jscall.input.doct == \"\" || jscall.input.doct == null || jscall.input.doct == undefined){\r\n        jscall_error = \"Document Type is Mandatory\"\r\n        CralUtil.LogInfo(\"Einvois Output\", \"\", jscall_error)\r\n        return false;\r\n    }\r\n    document_Type = einvois.get_doc_type(jscall.input.doct)\r\n    if (document_Type == \"\"){\r\n        jscall_error = \"Unmapped or Invalid Document Type\"\r\n        CralUtil.LogInfo(\"Einvois Output\", \"\", jscall_error)\r\n        return false;\r\n    }\r\n    if (GetInvImpStatus(document_Type) != true){\r\n        jscall_error = \"Document Type Not Implemented.\"\r\n        CralUtil.LogInfo(\"Einvois Output\", \"\", jscall_error)\r\n        return false;\r\n    }\r\n    if (jscall.input.line_cnt == 0 || jscall.input.lines?.length == 0){\r\n        jscall_error = \"Lines is Empty.\"\r\n        CralUtil.LogInfo(\"Einvois Output\", \"\", jscall_error)\r\n        return false\r\n    }\r\n    if (document_Type == \"11\" || document_Type == \"12\"){\r\n        if (jscall.input.styp.toUpperCase() == \"LOCAL\"){\r\n            sb_imp = CralDB.QueryByComp(\"select src_tran_type from {{self_billed}} where src_tran_type='$1' and active=true and delf=false\", jscall.company, jscall.input.tran)\r\n            if (sb_imp.length == 0){\r\n                jscall_error = \"Transaction Type not defined in Self E-Invois\";\r\n                CralUtil.LogInfo(\"Einvois Output\", \"\", jscall_error)\r\n                // return false;\r\n                return{\r\n                    \"resend\":false\r\n                }\r\n            }\r\n        }\r\n    }\r\n    isConsoInv = CheckConsoInv(jscall.input.doct)\r\n    if (isConsoInv == true){\r\n        // return CreateConsoInvoice()\r\n        inv_out = CreateConsoInvoice()\r\n        inv_out[\"SumByQty\"] = isSumbyQty\r\n        // println(\"E-Invois Output(Consolidated Invoice): \" + JSON.stringify(inv_out))\r\n        CralUtil.LogInfo(\"Einvois Output\", \"Consolidated Invoice\", inv_out)\r\n        return inv_out\r\n    } else {\r\n        // if (jscall.input.line_cnt > 120){\r\n        //     return CreateEInvoiceMultipleHeaders()\r\n        // } else {\r\n            // return CreateEInvoice()\r\n            inv_out = CreateEInvoice()\r\n            // println(\"E-Invois Output: \" + JSON.stringify(inv_out))\r\n            inv_out[\"SumByQty\"] = isSumbyQty\r\n            CralUtil.LogInfo(\"Einvois Output\", \"Invoice Created Successfully\", inv_out)\r\n            return inv_out\r\n        // }\r\n    }\r\n    // return header_result\r\n}\r\n\r\nfunction CreateEInvoice(){\r\n    header_result = insert_header()\r\n    println(\"Creating E-Invoice...\")\r\n    // header_result = einvoice.insert_header()\r\n    check_error = GetInsertErrorMessage(header_result, jscall.input.comp, jscall.input.tran, jscall.input.idoc, 0)\r\n    println(\"Header Inserted\")\r\n    println(JSON.stringify(check_error))\r\n    if (check_error.Status == true){\r\n        println(\"IN\")\r\n        if (header_result.Message.ccur == \"\" || header_result.Message.ccur == null || header_result.Message.ccur == undefined){\r\n            einvois.CreateValidation(header_result.Message.e_inv_no, 0, \"10\", \"MAP\", \"Unmapped Currency Code\", \"Invoice.Map\", \"ccur\", jscall.input.ccur)\r\n        }\r\n        if (header_result.Message.cvat == \"\" || header_result.Message.cvat == null || header_result.Message.cvat == undefined){\r\n            einvois.CreateValidation(header_result.Message.e_inv_no, 0, \"10\", \"MAP\", \"Unmapped Tax Code\", \"Invoice.Map\", \"cvat\", jscall.input.cvat)\r\n        }\r\n        println(\"Before Line Inserting\")\r\n        header_result.Lines = insert_multiple_lines(jscall.input.lines, \"einv_lines\", header_result.Message.e_inv_no)\r\n        println(\"Output To LN: \" + JSON.stringify(header_result))\r\n        println(\"Invoice Inserted Successfully \" + header_result.Message.e_inv_no)\r\n        if (einvois.check_validations(header_result.Message.e_inv_no) == true){\r\n            println(\"Validation Pass\")\r\n            debug(\"Validation Pass\")\r\n            if (header_result.Message.sctg == \"10\"){\r\n                einvois.submitEinvoiceToLHDN(header_result.Message.e_inv_no)\r\n                return header_result\r\n                // Moved to Function on Sept.5 \r\n                // var doc_json = einvois.BuildJSONFormat(header_result.Message.e_inv_no)\r\n                // println(\"After Doc\")\r\n                // if (typeof doc_json == \"string\"){\r\n                //     println(\"Error Doc\")\r\n                //     einvois.CreatePortalValidation(header_result.Message.e_inv_no, 0, doc_json, \"\")\r\n                //     return header_result\r\n                // } else {\r\n                //     // Convert JSON to XML and hash the doc to string.\r\n                //     println(\"Success Doc\")\r\n                //     submission_ret = einvois.SubmitTOLHDN(doc_json.document, doc_json.InvoiceCodeNumber)\r\n                //     if (submission_ret == false){\r\n                //         return header_result\r\n                //     } else {\r\n                //         sub_data = einvois.SubmissionUpdate(submission_ret)\r\n                //         return header_result\r\n                //     }\r\n                // }\r\n            }\r\n        }\r\n        println(\"Validation Fail\")\r\n        debug(\"Validation Fail\")\r\n        return header_result\r\n    } else {\r\n        return check_error.Result\r\n    }\r\n}\r\n\r\nfunction CreateConsoInvoice(){\r\n    conso_header = insert_conso_header()\r\n    check_error = GetInsertErrorMessage(conso_header, jscall.input.comp, jscall.input.tran, jscall.input.idoc, 0)\r\n    if (check_error.Status == true){\r\n        conso_header.Lines = insert_multiple_lines(jscall.input.lines, \"conso_line\", \"\")\r\n        return conso_header\r\n    }\r\n    return check_error.Result\r\n}\r\n\r\nfunction CreateEInvoiceMultipleHeaders(){\r\n    header_result = []\r\n    line_results = []\r\n    // src_header = einvoice.insert_header()\r\n    src_header = insert_header()\r\n    check_error = GetInsertErrorMessage(src_header, jscall.input.comp, jscall.input.tran, jscall.input.idoc, 0)\r\n    if (check_error.Status == true){\r\n        total_headers = parseInt(jscall.input.line_cnt/120) + 1\r\n        start_line = 0;\r\n        end_line = 120;\r\n        for (i = 1; i < total_headers; i++){\r\n            temp_lines = jscall.input.lines.slice(start_line, end_line)\r\n            head_num_str = i.toString()\r\n            insert_result = insert_header()\r\n            // insert_result = einvoice.insert_header()\r\n            insert_error = GetInsertErrorMessage(insert_result, jscall.input.comp, jscall.input.tran, jscall.input.idoc, 0)\r\n            if (insert_error.Status == true){\r\n                temp_line_result = insert_multiple_lines(temp_lines, \"einv_lines\", insert_result.Message.e_inv_no)\r\n                Array.prototype.push.apply(line_results, temp_line_result)\r\n            } else {\r\n                ret = CralDB.PublishTopic(\"einv_header\", jscall.company, \"Delete\", jscall.input, jscall.user)\r\n                return insert_error.Result\r\n            }\r\n            start_line = end_line;\r\n            end_line = (i == total_headers)?(jscall.input.lines.length - 1):(end_line + 120)\r\n        }\r\n        src_header.Lines = line_results\r\n        return src_header\r\n    } else {\r\n        return check_error.Result\r\n    }\r\n}\r\n\r\nfunction submit_mlines_to_portal(){\r\n    header_data = CralDB.QueryByComp(\"select * from {{einv_header}} where comp=$1 and tran='$2' and idoc=$3 and src_type='$4'\", jscall.company, jscall.input.comp.toString(), jscall.input.tran, jscall.input.idoc.toString(), einvois.get_src_inv_type(jscall.input.src_type))\r\n    if (header_data.length == 0){\r\n        conso_data = CralDB.QueryByComp(\"select * from {{conso_header}} where comp=$1 and tran='$2' and idoc=$3 and src_type='$4'\", jscall.company, jscall.input.comp.toString(), jscall.input.tran, jscall.input.idoc.toString(), einvois.get_src_inv_type(jscall.input.src_type))\r\n        if (conso_data.length == 0){\r\n            jscall_error = \"Header Not Found in Portal.\"\r\n            return false\r\n        } else {\r\n            println(\"Inserting Missing Lines\")\r\n            line_results = insert_multiple_lines(jscall.input.lines, \"conso_line\", \"\")\r\n        }\r\n    } else {\r\n        missing_lines = []\r\n        for (i=0;i<jscall.input.lines.length;i++){\r\n            isAvil = CralDB.QueryByComp(\"select line from {{einv_lines}} where e_inv_no='$1' and line=$2\", jscall.company, header_data[0].e_inv_no, jscall.input.lines[i].line)\r\n            if (isAvil.length == 0){\r\n                missing_lines.push(jscall.input.lines[i])\r\n            }\r\n        }\r\n        line_results = insert_multiple_lines(missing_lines, \"einv_lines\", header_data[0].e_inv_no)\r\n        // line_results = insert_multiple_lines(jscall.input.lines, \"einv_lines\", header_data[0].e_inv_no)\r\n        // Go to Check Validation...\r\n    }\r\n    return {\r\n        \"Lines\": line_results\r\n    }\r\n}\r\n\r\nfunction insert_multiple_lines(array_lines, table_code, einvNumber){\r\n    line_results = []\r\n    println(\"Inserting Line\")\r\n    for ( i = 0; i < array_lines.length; i++){\r\n        line_result = insert_line(array_lines[i], table_code, einvNumber)\r\n        check_error = GetInsertErrorMessage(line_result, array_lines[i].comp, array_lines[i].tran, array_lines[i].idoc, array_lines[i].line)\r\n        if (table_code == \"einv_lines\" && check_error.Status == true){\r\n            println(\"Line Inserted Successfully\")\r\n            if (line_result.Message.cvat == \"\" || line_result.Message.cvat == undefined || line_result.Message.cvat == null){\r\n                einvois.CreateValidation(einvNumber, array_lines[i].line, \"10\", \"MAP\", \"Unmapped Tax Code\", \"InvoiceLine.Map\", \"cvat\", array_lines[i].cvat)\r\n            }\r\n            if (line_result.Message.clas == \"\" || line_result.Message.clas == undefined || line_result.Message.clas == null){\r\n                einvois.CreateValidation(einvNumber, array_lines[i].line, \"10\", \"MAP\", \"Unmapped Classification Code\", \"InvoiceLine.Map\", \"clas\", array_lines[i].clas)\r\n            }\r\n            println(\"After Map Validations\")\r\n        }\r\n        line_results.push(check_error.Result)\r\n    }\r\n    return line_results\r\n}\r\n\r\nfunction GetInsertErrorMessage(result, comp, tran, idoc, line){\r\n    if (typeof result == \"string\"){\r\n        return {\r\n            \"Status\": false,\r\n            \"Result\": {\r\n                \"comp\": comp,\r\n                \"tran\": tran,\r\n                \"idoc\": idoc,\r\n                \"line\": line,\r\n                \"Message\": result,\r\n                \"Success\":false\r\n            }\r\n        }\r\n    } else {\r\n        if (result.Success == false){\r\n            result.comp = comp\r\n            result.tran = tran\r\n            result.idoc = idoc\r\n            result.line = line\r\n            return {\r\n                \"Status\": false,\r\n                \"Result\": result\r\n            }\r\n        } else {\r\n            return {\r\n                \"Status\": true,\r\n                \"Result\": result\r\n            }\r\n        }\r\n    }\r\n}\r\n\r\nfunction GetInvImpStatus(inv_type){\r\n    switch (inv_type){\r\n        case \"01\":\r\n            // CralDB.QueryByComp(\"select imp_inv from {{einv_implementation}}\", jscall.company)\r\n            fld_name = \"imp_inv\"\r\n            break;\r\n        case \"02\":\r\n            fld_name = \"imp_crd_nt\"\r\n            break;\r\n        case \"11\":\r\n            fld_name = \"imp_slf_inv\"\r\n            break;\r\n        case \"12\":\r\n            fld_name = \"imp_slf_crd_nt\"\r\n            break;\r\n        default:\r\n            return false\r\n    }\r\n    imp_data = CralDB.QueryByComp(\"select \" + fld_name + \" from {{einv_implementation}}\", jscall.company)\r\n    if (imp_data.length == 0){\r\n        return false;\r\n    }\r\n    return imp_data[0][fld_name]\r\n}\r\n// function test_conso_check(){\r\n//     return CheckConsoInv(jscall.input.doct)\r\n// }\r\nfunction CheckConsoInv(docType){\r\n    println(\"Checking Conso......\")\r\n    imp_data = CralDB.QueryByComp(\"select consolidation from {{einv_implementation}}\", jscall.company)\r\n    // println(JSON.stringify(imp_data))\r\n    if (imp_data.length == 0){\r\n        return false\r\n    }\r\n    if (imp_data[0].consolidation == true){\r\n        srcType = einvois.get_src_inv_type(jscall.input.src_type)\r\n\r\n        // Additional Checking for Consolidation\r\n        if (einvois.get_doc_type(docType)==='01'){  // Only Invoices is Allowed for Consolidation.\r\n            if (consoCheck.checkConsoInvoice({\r\n                ...jscall.input,\r\n                doct : einvois.get_doc_type(docType),\r\n                src_type: srcType\r\n            })){\r\n                return true\r\n            }\r\n        }\r\n        // If the Criteria from conso_parameter becomes true then conso is created. \r\n\r\n        println(srcType)\r\n        // if (docType == \"01\"){ //Invoice or Sales Invoice\r\n        println(docType)\r\n        // if (docType.toUpperCase() == \"INVOICE\"){\r\n        //     switch (srcType){\r\n        //         case \"20\": //Sales Order\r\n        //             conso_fld = \"conso_sls\"\r\n        //             list_name = \"conso_sls_list\"\r\n        //             // get_conso_data = CralDB.QueryByComp(\"select conso_sls from {{conso_filing}} where comp=$1\", jscall.company, jscall.company)\r\n        //         break;\r\n        //         case \"10\": // Manual Sales\r\n        //             conso_fld = \"conso_man_sls\"\r\n        //             list_name = \"conso_man_sls_list\"\r\n        //         break;\r\n        //         default:\r\n        //         return false;\r\n        //         break;\r\n        //     }\r\n        // } else {\r\n        //     if (docType.toUpperCase() == \"SALES INVOICE\" && srcType == \"40\"){ //Sales Invoice\r\n        //         conso_fld = \"conso_acr\"\r\n        //         list_name = \"conso_acr_list\"\r\n        //     } else {\r\n        //         return false;\r\n        //     }\r\n        // }\r\n        if (docType.toUpperCase() == \"INVOICE\" || docType.toUpperCase() == \"SALES INVOICE\"){\r\n            switch (srcType){\r\n                case \"20\": //Sales Order\r\n                    conso_fld = \"conso_sls\"\r\n                    list_name = \"conso_sls_list\"\r\n                    // get_conso_data = CralDB.QueryByComp(\"select conso_sls from {{conso_filing}} where comp=$1\", jscall.company, jscall.company)\r\n                break;\r\n                case \"10\": // Manual Sales\r\n                    conso_fld = \"conso_man_sls\"\r\n                    list_name = \"conso_man_sls_list\"\r\n                break;\r\n                case \"40\":\r\n                    conso_fld = \"conso_acr\"\r\n                    list_name = \"conso_acr_list\"\r\n                break;\r\n                default:\r\n                return false;\r\n                break;\r\n            }\r\n        } else {\r\n            return false;\r\n        }\r\n        get_conso_data = CralDB.QueryByComp(\"select \" + conso_fld + \" from {{conso_filing}} where comp=$1\", jscall.company, jscall.input.comp)\r\n        // println(JSON.stringify(get_conso_data))\r\n        if (get_conso_data.length != 0){\r\n            println(CralUtil.GetListDesc(list_name, get_conso_data[0][conso_fld]))\r\n            switch (CralUtil.GetListDesc(list_name, get_conso_data[0][conso_fld]).toUpperCase()){\r\n                case \"BUYER\":\r\n                    println(jscall.input.inv_bp)\r\n                    if (jscall.input.inv_bp != undefined && jscall.input.inv_bp != null && jscall.input.inv_bp != \"\"){\r\n                        conso_data = CralDB.QueryByComp(\"select count(buy_code) from {{buyer_companies}} where buy_code='$1' and conso_buyer=true and data_set='$2'\", jscall.company, jscall.input.inv_bp, jscall.input.dataset)\r\n                        println(JSON.stringify(conso_data))\r\n                        // if (CralDB.QueryByComp(\"select buy_code from {{buyer_companies}} where buy_code='$1'\", jscall.company, jscall.input.itbp).length != 0){\r\n                        //     return true;\r\n                        // }\r\n                    } else {\r\n                        return false;\r\n                    }\r\n                break;\r\n                case \"ORDER TYPE\":\r\n                    if (jscall.input.ord_typ != undefined && jscall.input.ord_typ != null && jscall.input.ord_typ != \"\"){\r\n                        conso_data = CralDB.QueryByComp(\"select count(ord_typ) from {{conso_ord_type}} where ord_typ='$1' and data_set='$2'\", jscall.company, jscall.input.ord_typ, jscall.input.dataset)\r\n                    } else {\r\n                        return false;\r\n                    }\r\n                break;\r\n                case \"SERIES\":\r\n                    if (jscall.input.ngrp != undefined && jscall.input.ngrp != null && jscall.input.ngrp != \"\" && jscall.input.seri != undefined && jscall.input.seri != null && jscall.input.seri != \"\"){\r\n                        conso_data = CralDB.QueryByComp(\"select count(seri) from {{conso_sls_seri}} where ngrp='$1' and seri='$2' and data_set='$3'\", jscall.company, jscall.input.ngrp, jscall.input.seri, jscall.input.dataset)\r\n                    } else {\r\n                        return false;\r\n                    }\r\n                break;\r\n                case \"SALES OFFICE\":\r\n                    if (jscall.input.sls_ofc != undefined && jscall.input.sls_ofc != null && jscall.input.sls_ofc != \"\"){\r\n                        conso_data = CralDB.QueryByComp(\"select count(sls_ofc) from {{conso_sls_off}} where sls_ofc='$1' and data_set='$2'\", jscall.company, jscall.input.sls_ofc, jscall.input.dataset)\r\n                    } else {\r\n                        return false;\r\n                    }\r\n                break;\r\n                case \"MANUAL ID\":\r\n                    println(jscall.input.ngrp)\r\n                    println(jscall.input.seri)\r\n                    if (jscall.input.ngrp != undefined && jscall.input.ngrp != null && jscall.input.ngrp != \"\" && jscall.input.seri != undefined && jscall.input.seri != null && jscall.input.seri != \"\"){\r\n                        conso_data = CralDB.QueryByComp(\"select count(seri) from {{conso_man_id}} where ngrp='$1' and seri='$2' and data_set='$3'\", jscall.company, jscall.input.ngrp, jscall.input.seri, jscall.input.dataset)\r\n                    } else {\r\n                        return false;\r\n                    }\r\n                break;\r\n                case \"TRANSACTION TYPE\":\r\n                    println(jscall.input.tran)\r\n                    if (jscall.input.tran != undefined && jscall.input.tran != null && jscall.input.tran != \"\"){\r\n                        conso_data = CralDB.QueryByComp(\"select count(conso_tran_type) from {{conso_tran_types}} where conso_tran_type='$1' and data_set='$2'\", jscall.company, jscall.input.tran, jscall.input.dataset)\r\n                    } else {\r\n                        return false;\r\n                    }\r\n                break;\r\n                default:\r\n                    return false;\r\n                break;\r\n            }\r\n            if (conso_data[0].count != 0){\r\n                return true;\r\n            } else {\r\n                return false;\r\n            }\r\n        } else {\r\n            return false;\r\n        }\r\n    }\r\n    return false\r\n}\r\n\r\nfunction insert_header(){\r\n    header_err_msg = \"\"\r\n    temp_doct = einvois.get_doc_type(jscall.input.doct)\r\n    // if (temp_doct == \"\"){\r\n    //     header_err_msg = write_err_msg(header_err_msg, \"Document Type\")\r\n    // }\r\n    temp_ccur = einvois.get_ccur(jscall.input.ccur, jscall.input.dataset)\r\n    // if (temp_ccur == \"\"){\r\n    //     header_err_msg = write_err_msg(header_err_msg, \"Currency Code\")\r\n    // }\r\n    temp_paym = einvois.get_paym(jscall.input.paym, jscall.input.dataset)\r\n    // if (temp_paym == \"\"){\r\n    //     // header_err_msg = write_err_msg(header_err_msg, \"Payment Mode\")\r\n    // }\r\n    temp_cvat = einvois.get_cvat(jscall.input.cvat, jscall.input.dataset)\r\n    // if (temp_cvat == \"\"){\r\n    //     header_err_msg = write_err_msg(header_err_msg, \"Tax Code\")\r\n    // }\r\n\r\n    switch(jscall.input.styp.toUpperCase()){\r\n        case \"LOCAL\":\r\n            sctg = \"10\"\r\n            break\r\n        case \"EXPORT\":\r\n            sctg = \"20\"\r\n            break\r\n        case \"IMPORT\":\r\n            sctg = \"30\"\r\n            break\r\n        default:\r\n            sctg = \"\"\r\n            break\r\n    }\r\n    sup_data = false\r\n    sup_adrs = false\r\n    buy_data = false\r\n    buy_adrs = false\r\n    ship_data = false\r\n    ship_adrs = false\r\n\r\n    supplier_data = CralDB.QueryByComp(\"select * from {{supplier_companies}} where sup_company=$1\", jscall.company, jscall.input.comp)\r\n    if (supplier_data.length != 0){\r\n        sup_data = true\r\n        supplier_address = CralDB.QueryByComp(\"select * from {{address_master}} where data_set='$1' and adrs_code='$2'\", jscall.company, jscall.input.dataset, supplier_data[0].sup_adrs)\r\n        if (supplier_address.length != 0){\r\n            sup_adrs = true\r\n        }\r\n    }\r\n\r\n    buyer_adrs = (jscall.input.buy_adrs != \"\" && jscall.input.buy_adrs != undefined && jscall.input.buy_adrs != null)?jscall.input.buy_adrs:\"\";\r\n    buyer_data = CralDB.QueryByComp(\"select * from {{buyer_companies}} where data_set='$1' and buy_code='$2'\", jscall.company, jscall.input.dataset, jscall.input.inv_bp)\r\n    if (buyer_data.length != 0){\r\n        buy_data = true\r\n        buyer_adrs = (buyer_adrs == \"\")?buyer_data[0].buy_adrs:buyer_adrs;\r\n        buyer_address = CralDB.QueryByComp(\"select * from {{address_master}} where data_set='$1' and adrs_code='$2'\", jscall.company, jscall.input.dataset, buyer_adrs)\r\n        if (buyer_address.length != 0){\r\n            buy_adrs = true\r\n        }\r\n    }\r\n\r\n    if (jscall.input.stbp != \"\" && jscall.input.stbp != undefined && jscall.input.stbp != null){\r\n        if (jscall.input.stbp != jscall.input.inv_bp){\r\n            shipper_data = CralDB.QueryByComp(\"select * from {{buyer_companies}} where data_set='$1' and buy_code='$2'\", jscall.company, jscall.input.dataset, jscall.input.stbp)\r\n            if (shipper_data.length == 0){\r\n                // ship_data = buy_data\r\n                // shipper_data = buyer_data\r\n            } else {\r\n                ship_data = true\r\n                if (jscall.input.sadr != \"\" && jscall.input.sadr != undefined && jscall.input.sadr != null){\r\n                    shipper_address = CralDB.QueryByComp(\"select * from {{address_master}} where data_set='$1' and adrs_code='$2'\", jscall.company, jscall.input.dataset, jscall.input.sadr)\r\n                    if (shipper_address.length != 0){\r\n                        ship_adrs = true\r\n                    }\r\n                } else {\r\n                    shipper_address = CralDB.QueryByComp(\"select * from {{address_master}} where data_set='$1' and adrs_code='$2'\", jscall.company, jscall.input.dataset, shipper_data[0].buy_adrs)\r\n                    if (shipper_address.length != 0){\r\n                        ship_adrs = true\r\n                    }\r\n                }\r\n            }\r\n        }\r\n    }\r\n\r\n    supplier_name = (sup_data == false)?\"\":supplier_data[0].sup_name\r\n    supplier_cn = (sup_data == false)?\"\":supplier_data[0].sup_cont_num\r\n    supplier_email = (sup_data == false)?\"\":supplier_data[0].sup_email\r\n    supplier_sst = (sup_data == false)?\"\":supplier_data[0].sup_sst_reg\r\n    supplier_ttx = (sup_data == false)?\"\":supplier_data[0].sup_ttx_no\r\n    supplier_tin = (sup_data == false)?\"\":supplier_data[0].sup_tin\r\n    supplier_brn = (sup_data == false)?\"\":supplier_data[0].sup_reg_brn\r\n    supplier_nric = (sup_data == false)?\"\":supplier_data[0].sup_reg_nric\r\n    supplier_passport = (sup_data == false)?\"\":supplier_data[0].sup_reg_passport\r\n    supplier_army = (sup_data == false)?\"\":supplier_data[0].sup_reg_army\r\n    supplier_badsca = (sup_data == false)?\"\":supplier_data[0].sup_badsca\r\n    supplier_bacc = (sup_data == false)?\"\":supplier_data[0].sup_bank_acc\r\n    supplier_msic = (sup_data == false)?\"\":supplier_data[0].sup_msic\r\n\r\n    supplier_adrs = (sup_data == false)?\"\":supplier_data[0].sup_adrs\r\n    supplier_city = (sup_adrs == false)?\"\":supplier_address[0].adrs_city\r\n    supplier_pz = (sup_adrs == false)?\"\":supplier_address[0].postal_zone\r\n    supplier_l0 = (sup_adrs == false)?\"\":supplier_address[0].adrs_line0\r\n    supplier_l1 = (sup_adrs == false)?\"\":supplier_address[0].adrs_line1\r\n    supplier_l2 = (sup_adrs == false)?\"\":supplier_address[0].adrs_line2\r\n    let [sup_ccty, sup_cste] = einvois.get_country_state((sup_adrs == false)?\"\":supplier_address[0].adrs_country, (sup_adrs == false)?\"\":supplier_address[0].adrs_state, jscall.input.dataset)\r\n    \r\n    buy_name = (buy_data == false)?\"\":buyer_data[0].buy_name\r\n    buy_cont_num = (buy_data == false)?\"\":buyer_data[0].buy_cont_num\r\n    buy_email = (buy_data == false)?\"\":buyer_data[0].buy_email\r\n    buy_sst_reg = (buy_data == false)?\"\":buyer_data[0].buy_sst_reg\r\n    buy_tin = (buy_data == false)?\"\":buyer_data[0].buy_tin\r\n    buy_reg_brn = (buy_data == false)?\"\":buyer_data[0].buy_reg_brn\r\n    buy_reg_nric = (buy_data == false)?\"\":buyer_data[0].buy_reg_nric\r\n    buy_reg_passport =(buy_data == false)?\"\":buyer_data[0].buy_reg_passport \r\n    buy_reg_army = (buy_data == false)?\"\":buyer_data[0].buy_reg_army\r\n\r\n    buyer_city = (buy_adrs == false)?\"\":buyer_address[0].adrs_city\r\n    buyer_pz = (buy_adrs == false)?\"\":buyer_address[0].postal_zone\r\n    buyer_l0 = (buy_adrs == false)?\"\":buyer_address[0].adrs_line0\r\n    buyer_l1 = (buy_adrs == false)?\"\":buyer_address[0].adrs_line1\r\n    buyer_l2 = (buy_adrs == false)?\"\":buyer_address[0].adrs_line2\r\n    let [buy_ccty, buy_cste] = einvois.get_country_state((buy_adrs == false)?\"\":buyer_address[0].adrs_country, (buy_adrs == false)?\"\":buyer_address[0].adrs_state, jscall.input.dataset)\r\n    \r\n    shipper_name = (ship_data == false)?\"\":shipper_data[0].buy_name\r\n    shipper_tin = (ship_data == false)?\"\":shipper_data[0].buy_tin\r\n    shipper_brn = (ship_data == false)?\"\":shipper_data[0].buy_reg_brn\r\n    shipper_nric = (ship_data == false)?\"\":shipper_data[0].buy_reg_nric\r\n    shipper_passport = (ship_data == false)?\"\":shipper_data[0].buy_reg_passport\r\n    shipper_army = (ship_data == false)?\"\":shipper_data[0].buy_reg_army\r\n\r\n    shipper_city = (ship_adrs == false)?\"\":shipper_address[0].adrs_city\r\n    shipper_pz = (ship_adrs == false)?\"\":shipper_address[0].postal_zone\r\n    shipper_l0 = (ship_adrs == false)?\"\":shipper_address[0].adrs_line0\r\n    shipper_l1 = (ship_adrs == false)?\"\":shipper_address[0].adrs_line1\r\n    shipper_l2 = (ship_adrs == false)?\"\":shipper_address[0].adrs_line2\r\n    let [ship_ccty, ship_cste] = einvois.get_country_state((ship_adrs == false)?\"\":shipper_address[0].adrs_country, (ship_adrs == false)?\"\":shipper_address[0].adrs_state, jscall.input.dataset)\r\n    \r\n    self_inv = false\r\n    if (temp_doct == \"11\" || temp_doct == \"12\" || temp_doct == \"13\" || temp_doct == \"14\"){\r\n        self_inv = true\r\n    }\r\n\r\n    let org_e_inv_no =\"\"\r\n    let org_doc_uuid = \"\"\r\n    if (temp_doct != \"01\" && temp_doct != \"11\" && jscall.input.refDoc){\r\n        [org_e_inv_no, org_doc_uuid] = getOriginalDocumentReference(jscall.input.refDoc)\r\n    }\r\n    \r\n    header_data = {\r\n        \"comp\": jscall.input.comp,\r\n        \"tran\": jscall.input.tran,\r\n        \"idoc\": jscall.input.idoc,\r\n        \"doct\": temp_doct,\r\n        \"ccur\": temp_ccur,\r\n        \"paym\": temp_paym,\r\n        \"cvat\": temp_cvat,\r\n        \"sctg\": sctg,\r\n        \"dataset\": jscall.input.dataset,\r\n        \"line_cnt\": 0,\r\n        \"s_line_cnt\": jscall.input.line_cnt,\r\n        \"sup_code\": (self_inv == true)?jscall.input.inv_bp:jscall.input.comp,\r\n        \"sup_name\":         (self_inv == true)?buy_name:supplier_name,\r\n        \"sup_cont_num\":     (self_inv == true)?buy_cont_num:supplier_cn,\r\n        \"sup_email\":        (self_inv == true)?buy_email:supplier_email,\r\n        \"sup_sst_reg\":      (self_inv == true)?buy_sst_reg:supplier_sst,\r\n        \"sup_ttx_no\":       (self_inv == true)?(buy_data == false)?\"\":buyer_data[0].buy_ttx_reg:supplier_ttx,\r\n        \"sup_tin\":          (self_inv == true)?buy_tin:supplier_tin,\r\n        \"sup_reg_brn\":      (self_inv == true)?buy_reg_brn:supplier_brn,\r\n        \"sup_reg_nric\":     (self_inv == true)?buy_reg_nric:supplier_nric,\r\n        \"sup_reg_passport\": (self_inv == true)?buy_reg_passport:supplier_passport,\r\n        \"sup_reg_army\":     (self_inv == true)?buy_reg_army:supplier_army,\r\n        \"sup_badsca\":       (self_inv == true)?(buy_data == false)?\"\":buyer_data[0].buy_badsca:supplier_badsca,\r\n        \"sup_bank_acc\":     (self_inv == true)?\"\":supplier_bacc,\r\n        \"sup_msic\":         (self_inv == true)?(buy_data == false)?\"\":buyer_data[0].buy_msic:supplier_msic,\r\n        \"sup_adrs\":         (self_inv == true)?buyer_adrs:supplier_adrs,\r\n        \"sup_city\":         (self_inv == true)?buyer_city:supplier_city,\r\n        \"sup_postal_zone\":  (self_inv == true)?buyer_pz:supplier_pz,\r\n        \"sup_adrs_line0\":   (self_inv == true)?buyer_l0:supplier_l0,\r\n        \"sup_adrs_line1\":   (self_inv == true)?buyer_l1:supplier_l1,\r\n        \"sup_adrs_line2\":   (self_inv == true)?buyer_l2:supplier_l2,\r\n        \"sup_country\":      (self_inv == true)?buy_ccty:sup_ccty,\r\n        \"sup_cste\":         (self_inv == true)?buy_cste:sup_cste,\r\n        \"inv_bp\":           (self_inv == true)?jscall.input.comp:jscall.input.inv_bp,\r\n        \"buy_name\":         (self_inv == true)?supplier_name:buy_name,\r\n        \"buy_cont_num\":     (self_inv == true)?supplier_cn:buy_cont_num,\r\n        \"buy_email\":        (self_inv == true)?supplier_email:buy_email,\r\n        \"buy_sst_reg\":      (self_inv == true)?supplier_sst:buy_sst_reg,\r\n        \"buy_tin\":          (self_inv == true)?supplier_tin:buy_tin,\r\n        \"buy_reg_brn\":      (self_inv == true)?supplier_brn:buy_reg_brn,\r\n        \"buy_reg_nric\":     (self_inv == true)?supplier_nric:buy_reg_nric,\r\n        \"buy_reg_passport\": (self_inv == true)?supplier_passport:buy_reg_passport,\r\n        \"buy_reg_army\":     (self_inv == true)?supplier_army:buy_reg_army,\r\n        \"buy_adrs\": (self_inv == true)?supplier_adrs:buyer_adrs,\r\n        \"buy_city\":         (self_inv == true)?supplier_city:buyer_city,\r\n        \"buy_postal_zone\":  (self_inv == true)?supplier_pz:buyer_pz,\r\n        \"buy_adrs_line0\":   (self_inv == true)?supplier_l0:buyer_l0,\r\n        \"buy_adrs_line1\":   (self_inv == true)?supplier_l1:buyer_l1,\r\n        \"buy_adrs_line2\":   (self_inv == true)?supplier_l2:buyer_l2,\r\n        \"buy_country\":      (self_inv == true)?sup_ccty:buy_ccty,\r\n        \"buy_cste\":         (self_inv == true)?sup_cste:buy_cste,\r\n        \"dtrm\": jscall.input.dtrm,\r\n        \"ship_bp\": jscall.input.stbp,\r\n        \"ship_name\":        shipper_name,\r\n        \"ship_tin\":         shipper_tin,\r\n        \"ship_reg_brn\":     shipper_brn,\r\n        \"ship_reg_nric\":    shipper_nric,\r\n        \"ship_reg_passport\":shipper_passport,\r\n        \"ship_reg_army\":    shipper_army,\r\n        \"ship_adrs\": jscall.input.sadr,\r\n        \"ship_city\":        shipper_city,\r\n        \"ship_postal_zone\": shipper_pz,\r\n        \"ship_adrs_line0\":  shipper_l0,\r\n        \"ship_adrs_line1\":  shipper_l1,\r\n        \"ship_adrs_line2\":  shipper_l2,\r\n        \"ship_country\":     ship_ccty,\r\n        \"ship_cste\":        ship_cste,\r\n        // \"ship_bp\": (self_inv == true)?jscall.input.comp:jscall.input.stbp,\r\n        // \"ship_name\":        (self_inv == true)?supplier_name:shipper_name,\r\n        // \"ship_tin\":         (self_inv == true)?supplier_tin:shipper_tin,\r\n        // \"ship_reg_brn\":     (self_inv == true)?supplier_brn:shipper_brn,\r\n        // \"ship_reg_nric\":    (self_inv == true)?supplier_nric:shipper_nric,\r\n        // \"ship_reg_passport\":(self_inv == true)?supplier_passport:shipper_passport,\r\n        // \"ship_reg_army\":    (self_inv == true)?supplier_army:shipper_army,\r\n        // \"ship_adrs\": (self_inv == true)?supplier_adrs:jscall.input.sadr,\r\n        // \"ship_city\":        (self_inv == true)?supplier_city:shipper_city,\r\n        // \"ship_postal_zone\": (self_inv == true)?supplier_pz:shipper_pz,\r\n        // \"ship_adrs_line0\":  (self_inv == true)?supplier_l0:shipper_l0,\r\n        // \"ship_adrs_line1\":  (self_inv == true)?supplier_l1:shipper_l1,\r\n        // \"ship_adrs_line2\":  (self_inv == true)?supplier_l2:shipper_l2,\r\n        // \"ship_country\":     (self_inv == true)?sup_ccty:ship_ccty,\r\n        // \"ship_cste\":        (self_inv == true)?sup_cste:ship_cste,\r\n        \"frm1\": jscall.input.frm1,\r\n        \"frm2\": jscall.input.frm2,\r\n        \"rate\": jscall.input.rate,\r\n        \"tote\": jscall.input.tote,\r\n        \"toti\": jscall.input.toti,\r\n        \"tott\": jscall.input.tott,\r\n        \"pamt\": jscall.input.pamt,\r\n        // \"pydt\": \"YYYY-MM-DD\",\r\n        // \"pytm\": \"YYYY-MM-DD HH:MM\",\r\n        \"pref\": jscall.input.pref,\r\n        \"tpat\": jscall.input.tpat,\r\n        \"tnat\": jscall.input.tnat,\r\n        \"tdis\": jscall.input.tdis,\r\n        \"tfee\": jscall.input.tfee,\r\n        \"ramt\": jscall.input.ramt,\r\n        \"ttax\": jscall.input.ttax,\r\n        \"ttat\": jscall.input.ttat,\r\n        \"adis\": jscall.input.adis,\r\n        \"adis_reason\": \"\",\r\n        \"afee\": jscall.input.afee,\r\n        \"afee_reason\": \"\",\r\n        \"fbil\": jscall.input.fbil,\r\n        \"org_e_inv_no\": org_e_inv_no,\r\n        \"term\": jscall.input.term,\r\n        \"bref\": jscall.input.bref,\r\n        \"ftrd\": jscall.input.ftrd,\r\n        \"anum\": jscall.input.anum,\r\n        \"ochg\": jscall.input.ochg,\r\n        \"ochg_amnt\": jscall.input.ochg_amnt,\r\n        \"ochg_reason\": jscall.input.ochg_reason,\r\n        \"det_tax\": (jscall.input?.det_tax)?jscall.input.det_tax:\"\",\r\n        // \"bsdt\": \"YYYY-MM-DD\",\r\n        // \"bedt\": \"YYYY-MM-DD\",\r\n        \"amnt_ex\": (jscall.input?.amnt_ex)?jscall.input.amnt_ex:0,\r\n        \"dshp\": jscall.input.dshp,\r\n        \"submission_uid\": \"\",\r\n        \"doc_uuid\": \"\",\r\n        \"esta\": \"10\",\r\n        \"err_msg\": \"\",\r\n        // \"e_invdt\": getCurrentDateTime(),\r\n        \"einv_stat\": \"10\",\r\n        // \"etim\": \"YYYY-MM-DD HH:MM\",\r\n        \"modi_stat\": \"\",\r\n        \"src_type\": einvois.get_src_inv_type(jscall.input.src_type),\r\n        \"inv_pdf\": \"\",\r\n        \"reference0\": jscall.input.reference0 ? jscall.input.reference0 : \"\",\r\n        \"reference1\": jscall.input.reference1 ? jscall.input.reference1 : \"\",\r\n        \"reference2\": jscall.input.reference2 ? jscall.input.reference2 : \"\",\r\n        \"reference3\": jscall.input.reference3 ? jscall.input.reference3 : \"\",\r\n        \"reference4\": jscall.input.reference4 ? jscall.input.reference4 : \"\",\r\n        \"reference5\": jscall.input.reference5 ? jscall.input.reference5 : \"\",\r\n        \"reference6\": jscall.input.reference6 ? jscall.input.reference6 : \"\",\r\n        \"reference7\": jscall.input.reference7 ? jscall.input.reference7 : \"\",\r\n        \"reference8\": jscall.input.reference8 ? jscall.input.reference8 : \"\",\r\n        \"reference9\": jscall.input.reference9 ? jscall.input.reference9 : \"\",\r\n        \"qr_code\": \"\",\r\n        \"org_doc_uuid\": org_doc_uuid,\r\n        \"einv_version\": \"\"\r\n    }\r\n\r\n    // if (temp_doct == \"11\" || temp_doct == \"12\"){\r\n    //     [header_data[\"comp\"], header_data[\"inv_bp\"]] = [header_data[\"inv_bp\"], header_data[\"comp\"]]\r\n    //     [header_data[\"sup_adrs\"], header_data[\"buy_adrs\"]] = [header_data[\"buy_adrs\"], header_data[\"sup_adrs\"]]\r\n    // }\r\n    return CralDB.PublishTopic(\"einv_header\", jscall.company, \"Insert\", header_data, jscall.user)\r\n}\r\n\r\nfunction getOriginalDocumentReference(refDocNum){\r\n    let invoice_number = \"\"\r\n    let document_uuid = \"\"\r\n    let refDocs = refDocNum.split(\",\")\r\n    refDocs.forEach(data => {\r\n        cancel_rec = CralDB.QueryByComp(`select e_inv_no from {{cancel_header}} where adcn='${data}'`, jscall.company)\r\n        if (cancel_rec?.length){\r\n            invoice_number = cancel_rec[0].e_inv_no\r\n            org_document_uuid = CralDB.QueryByComp(`select doc_uuid from {{einv_header}} where e_inv_no='${cancel_rec[0].e_inv_no} and esta='30''`, jscall.company)\r\n            if (org_document_uuid?.length){\r\n                document_uuid = org_document_uuid[0].doc_uuid\r\n            }\r\n        }\r\n    })\r\n    return [invoice_number, document_uuid]\r\n}\r\nfunction insert_conso_header(){\r\n    header_err_msg = \"\"\r\n    temp_doct = einvois.get_doc_type(jscall.input.doct)\r\n    if (temp_doct == \"\"){\r\n        header_err_msg = write_err_msg(header_err_msg, \"Document Type\")\r\n    }\r\n    temp_ccur = einvois.get_ccur(jscall.input.ccur, jscall.input.dataset)\r\n    if (temp_ccur == \"\"){\r\n        header_err_msg = write_err_msg(header_err_msg, \"Currency Code\")\r\n    }\r\n    temp_paym = einvois.get_paym(jscall.input.paym, jscall.input.dataset)\r\n    if (temp_paym == \"\"){\r\n        // header_err_msg = write_err_msg(header_err_msg, \"Payment Mode\")\r\n    }\r\n    temp_cvat = einvois.get_cvat(jscall.input.cvat, jscall.input.dataset)\r\n    if (temp_cvat == \"\"){\r\n        header_err_msg = write_err_msg(header_err_msg, \"Tax Code\")\r\n    }\r\n    header_data = {\r\n        \"comp\": jscall.input.comp,\r\n        \"tran\": jscall.input.tran,\r\n        \"idoc\": jscall.input.idoc,\r\n        // \"line\": jscall.input.line,\r\n        \"doct\": temp_doct,\r\n        \"itbp\": jscall.input.inv_bp,\r\n        \"itoa\": jscall.input.buy_adrs,\r\n        \"ccur\": temp_ccur,\r\n        \"rate\": jscall.input.rate,\r\n        \"paym\": temp_paym,\r\n        \"term\": jscall.input.term,\r\n        \"tote\": jscall.input.tote,\r\n        \"toti\": jscall.input.toti,\r\n        \"tott\": jscall.input.tott,\r\n        \"cvat\": temp_cvat,\r\n        \"stbp\": jscall.input.stbp,\r\n        \"sadr\": jscall.input.sadr,\r\n        \"dtrm\": jscall.input.dtrm,\r\n        \"styp\": jscall.input.styp,\r\n        \"cein\": false,\r\n        \"disb\": false,\r\n        \"dshp\": false,\r\n        \"sinc\": false,\r\n        \"fbil\": jscall.input.fbil,\r\n        // \"bsdt\": jscall.input.bsdt,\r\n        // \"bedt\": jscall.input.bedt,\r\n        \"pamt\": jscall.input.pamt,\r\n        // \"pydt\": jscall.input.pydt,\r\n        // \"pytm\": jscall.input.pytm,\r\n        \"pref\": jscall.input.pref,\r\n        \"bref\": jscall.input.bref,\r\n        \"tpat\": jscall.input.tpat,\r\n        \"tnat\": jscall.input.tnat,\r\n        \"tdis\": jscall.input.tdis,\r\n        \"tfee\": jscall.input.tfee,\r\n        \"ramt\": jscall.input.ramt,\r\n        \"ttax\": jscall.input.ttax,\r\n        \"ttat\": jscall.input.ttat,\r\n        \"adis\": jscall.input.adis,\r\n        \"afee\": jscall.input.afee,\r\n        \"frm1\": jscall.input.frm1,\r\n        \"ftrd\": jscall.input.ftrd,\r\n        \"anum\": jscall.input.anum,\r\n        \"frm2\": jscall.input.frm2,\r\n        \"ochg\": jscall.input.ochg,\r\n        \"ochg_amnt\": jscall.input.ochg_amnt,\r\n        \"ochg_reason\": jscall.input.ochg_reason,\r\n        \"esta\": \"10\",\r\n        // \"etim\": jscall.input.etim,\r\n        \"submission_uid\": \"\",\r\n        \"err_msg\": \"\",\r\n        \"line_cnt\": 0,\r\n        \"trgt\": \"\",\r\n        \"val_err\": \"\",\r\n        \"cncl\": false,\r\n        \"det_tax\": jscall.input.det_tax, // Remove default value empty\r\n        \"amnt_ex\": 0,\r\n        \"e_invdt\": \"\",\r\n        \"src_type\": einvois.get_src_inv_type(jscall.input.src_type),\r\n        \"adis_reason\": \"\",\r\n        \"afee_reason\": \"\",\r\n        \"par_cncl\": false,\r\n        \"s_line_cnt\": jscall.input.line_cnt,\r\n        \"einv_stat\": \"10\",\r\n        \"conso_inv\": \"\",\r\n        \"inv_date\": getCurrentDateTime(),\r\n        \"data_set\": jscall.input.dataset,\r\n        \"inv_no\": \"\"\r\n    }\r\n    return CralDB.PublishTopic(\"conso_header\", jscall.company, \"Insert\", header_data, jscall.user)\r\n}\r\n\r\nfunction insert_line(input_data, table_name, einvNumber){\r\n    line_err_msg = \"\"\r\n    \r\n    temp_cvat = einvois.get_cvat(input_data.cvat, jscall.input.dataset)\r\n    if (temp_cvat == \"\"){\r\n        line_err_msg = write_err_msg(line_err_msg, \"Tax Code\")\r\n    }\r\n    \r\n    // temp_ccty = einvois.get_ccty(input_data.ccty)\r\n    // if (temp_ccty == \"\"){\r\n    //     // line_err_msg = write_err_msg(line_err_msg, \"Country Code\")\r\n    // }\r\n    temp_clas = einvois.get_clas(input_data.clas, jscall.input.dataset)\r\n    if (temp_clas == \"\"){\r\n        line_err_msg = write_err_msg(line_err_msg, \"Classification Code\")\r\n    }\r\n    if (table_name == \"einv_lines\"){\r\n        line_data = {\r\n            \"e_inv_no\": einvNumber,\r\n            \"line\": input_data.line,\r\n            \"cuni\": einvois.get_cuni(input_data.cuni, jscall.input.dataset),\r\n            \"ccty\": einvois.get_ccty(input_data.ccty, jscall.input.dataset),\r\n            \"clas_grp\": einvois.getClassificationGroup(),\r\n            \"clas\": temp_clas,\r\n            \"item\": input_data.item,\r\n            \"item_desc\": input_data.item_desc,\r\n            \"pric\": input_data.pric,\r\n            \"pvat\": input_data.pvat,\r\n            \"txai\": input_data.txai,\r\n            \"ceno\": input_data.ceno,\r\n            \"amtt\": input_data.amtt,\r\n            \"stot\": input_data.stot,\r\n            \"amti\": input_data.amti,\r\n            \"dqua\": input_data.dqua,\r\n            \"disc\": input_data.disc,\r\n            \"ldai\": input_data.ldai,\r\n            \"ccde\": input_data.ccde,\r\n            \"feer\": input_data.feer,\r\n            \"feea\": input_data.feea,\r\n            \"disc_reason\": (input_data?.disc_reason)?input_data.disc_reason:\"\",\r\n            \"fee_reason\": (input_data?.fee_reason)?input_data.fee_reason:\"\",\r\n            \"err_msg\": \"\",  \r\n            \"lsta\": \"10\",\r\n            \"modi_lsta\": \"\",\r\n            \"cvat\": temp_cvat,\r\n            \"reference0\":  input_data.reference0 ?  input_data.reference0 : \"\",\r\n            \"reference1\":  input_data.reference1 ?  input_data.reference1 : \"\",\r\n            \"reference2\":  input_data.reference2 ?  input_data.reference2 : \"\",\r\n            \"reference3\":  input_data.reference3 ?  input_data.reference3 : \"\",\r\n            \"reference4\":  input_data.reference4 ?  input_data.reference4 : \"\",\r\n            \"reference5\":  input_data.reference5 ?  input_data.reference5 : \"\",\r\n            \"reference6\":  input_data.reference6 ?  input_data.reference6 : \"\",\r\n            \"reference7\":  input_data.reference7 ?  input_data.reference7 : \"\",\r\n            \"reference8\":  input_data.reference8 ?  input_data.reference8 : \"\",\r\n            \"reference9\":  input_data.reference9 ?  input_data.reference9 : \"\",\r\n            \"reference10\": input_data.reference10 ? input_data.reference10 : \"\",\r\n            \"reference11\": input_data.reference11 ? input_data.reference11 : \"\",\r\n            \"reference12\": input_data.reference12 ? input_data.reference12 : \"\",\r\n            \"reference13\": input_data.reference13 ? input_data.reference13 : \"\",\r\n            \"reference14\": input_data.reference14 ? input_data.reference14 : \"\",\r\n            \"reference15\": input_data.reference15 ? input_data.reference15 : \"\",\r\n            \"reference16\": input_data.reference16 ? input_data.reference16 : \"\",\r\n            \"reference17\": input_data.reference17 ? input_data.reference17 : \"\",\r\n            \"reference18\": input_data.reference18 ? input_data.reference18 : \"\",\r\n            \"reference19\": input_data.reference19 ? input_data.reference19 : \"\",\r\n            \"reference20\": input_data.reference20 ? input_data.reference20 : \"\"\r\n        }\r\n    } else {\r\n        line_data = {\r\n            \"comp\": input_data.comp,\r\n            \"tran\": input_data.tran,\r\n            // \"doct\": temp_doct,\r\n            \"idoc\": input_data.idoc,\r\n            \"line\": input_data.line,\r\n            \"item\": input_data.item,\r\n            \"item_desc\": input_data.item_desc,\r\n            \"pric\": input_data.pric,\r\n            \"cvat\": temp_cvat,\r\n            \"pvat\": input_data.pvat,\r\n            \"txai\": input_data.txai,\r\n            \"ceno\": input_data.ceno,\r\n            \"amtt\": input_data.amtt,\r\n            \"stot\": input_data.stot,\r\n            \"amti\": input_data.amti,\r\n            \"dqua\": input_data.dqua,\r\n            \"cuni\": einvois.get_cuni(input_data.cuni, jscall.input.dataset),\r\n            \"disc\": input_data.disc,\r\n            \"ldai\": input_data.ldai,\r\n            \"ccde\": input_data.ccde,\r\n            \"ccty\": einvois.get_ccty(input_data.ccty, jscall.input.dataset),\r\n            \"clas\": temp_clas,\r\n            \"feer\": input_data.feer,\r\n            \"feea\": input_data.feea,\r\n            \"err_msg\": line_err_msg,\r\n            \"lsta\":\"10\",\r\n            // \"cncl\": false,\r\n            \"disc_reason\": \"\",\r\n            \"fee_reason\": \"\"\r\n        }\r\n    }\r\n    return CralDB.PublishTopic(table_name, jscall.company, \"Insert\", line_data, jscall.user)\r\n}\r\n\r\nfunction write_err_msg(err_msg, err_code){\r\n    if (err_msg == \"\"){\r\n        err_msg = \"Code Validation Failed for \" + err_code\r\n    } else {\r\n        err_msg = err_msg + \", \" + err_code\r\n    }\r\n    return err_msg\r\n}\r\n\r\nfunction getCurrentDateTime() {\r\n    let now = new Date();\r\n    let year = now.getUTCFullYear();\r\n    let month = String(now.getUTCMonth() + 1).padStart(2, '0');\r\n    let day = String(now.getUTCDate()).padStart(2, '0');\r\n    let hours = String(now.getUTCHours()).padStart(2, '0');\r\n    let minutes = String(now.getUTCMinutes()).padStart(2, '0');\r\n    let seconds = String(now.getUTCSeconds()).padStart(2, '0');\r\n    return `${year}-${month}-${day} ${hours}:${minutes}:${seconds}Z`;\r\n}"}],"Roles":null,"DataSets":null,"Screens":null,"EmailTemplates":null,"Lists":null,"Reports":null}